,Datetime,Ethereum Block Number
0,2022-01-01,13916165
1,2022-01-02,13922671
2,2022-01-03,13929166
3,2022-01-04,13935627
4,2022-01-05,13942121
5,2022-01-06,13948581
6,2022-01-07,13954973
7,2022-01-08,13961396
8,2022-01-09,13967921
9,2022-01-10,13974426
10,2022-01-11,13980848
11,2022-01-12,13987375
12,2022-01-13,13993832
13,2022-01-14,14000270
14,2022-01-15,14006709
15,2022-01-16,14013195
16,2022-01-17,14019699
17,2022-01-18,14026167
18,2022-01-19,14032629
19,2022-01-20,14039103
20,2022-01-21,14045591
21,2022-01-22,14051985
22,2022-01-23,14058540
23,2022-01-24,14064996
24,2022-01-25,14071445
25,2022-01-26,14077905
26,2022-01-27,14084332
27,2022-01-28,14090826
28,2022-01-29,14097298
29,2022-01-30,14103759
30,2022-01-31,14110299
31,2022-02-01,14116761
32,2022-02-02,14123261
33,2022-02-03,14129716
34,2022-02-04,14136138
35,2022-02-05,14142694
36,2022-02-06,14149081
37,2022-02-07,14155620
38,2022-02-08,14162081
39,2022-02-09,14168511
40,2022-02-10,14174988
41,2022-02-11,14181426
42,2022-02-12,14187946
43,2022-02-13,14194417
44,2022-02-14,14200887
45,2022-02-15,14207338
46,2022-02-16,14213858
47,2022-02-17,14220268
48,2022-02-18,14226745
49,2022-02-19,14233162
50,2022-02-20,14239569
51,2022-02-21,14246087
52,2022-02-22,14252521
53,2022-02-23,14258984
54,2022-02-24,14265471
55,2022-02-25,14271956
56,2022-02-26,14278386
57,2022-02-27,14284846
58,2022-02-28,14291335
59,2022-03-01,14297758
60,2022-03-02,14304254
61,2022-03-03,14310657
62,2022-03-04,14317108
63,2022-03-05,14323604
64,2022-03-06,14329980
65,2022-03-07,14336401
66,2022-03-08,14342847
67,2022-03-09,14349239
68,2022-03-10,14355747
69,2022-03-11,14362227
70,2022-03-12,14368558
71,2022-03-13,14375067
72,2022-03-14,14381394
73,2022-03-15,14387852
74,2022-03-16,14394257
75,2022-03-17,14400648
76,2022-03-18,14407074
77,2022-03-19,14413492
78,2022-03-20,14419941
79,2022-03-21,14426368
80,2022-03-22,14432774
81,2022-03-23,14439220
82,2022-03-24,14445660
83,2022-03-25,14452085
84,2022-03-26,14458508
85,2022-03-27,14464915
86,2022-03-28,14471310
87,2022-03-29,14477773
88,2022-03-30,14484225
89,2022-03-31,14490619
90,2022-04-01,14497033
91,2022-04-02,14503464
92,2022-04-03,14509821
93,2022-04-04,14516248
94,2022-04-05,14522570
95,2022-04-06,14529006
96,2022-04-07,14535424
97,2022-04-08,14541846
98,2022-04-09,14548185
99,2022-04-10,14554613
100,2022-04-11,14561014
101,2022-04-12,14567461
102,2022-04-13,14573907
103,2022-04-14,14580219
104,2022-04-15,14586627
105,2022-04-16,14593048
106,2022-04-17,14599452
107,2022-04-18,14605883
108,2022-04-19,14612233
109,2022-04-20,14618642
110,2022-04-21,14625066
111,2022-04-22,14631356
112,2022-04-23,14637770
113,2022-04-24,14644141
114,2022-04-25,14650514
115,2022-04-26,14656856
116,2022-04-27,14663176
117,2022-04-28,14669557
118,2022-04-29,14675905
119,2022-04-30,14682281
120,2022-05-01,14688629
121,2022-05-02,14695010
122,2022-05-03,14701368
123,2022-05-04,14707705
124,2022-05-05,14713963
125,2022-05-06,14720258
126,2022-05-07,14726563
127,2022-05-08,14732821
128,2022-05-09,14739154
129,2022-05-10,14745349
130,2022-05-11,14751557
131,2022-05-12,14757895
132,2022-05-13,14764083
133,2022-05-14,14770450
134,2022-05-15,14776687
135,2022-05-16,14782976
136,2022-05-17,14789264
137,2022-05-18,14795549
138,2022-05-19,14801795
139,2022-05-20,14807907
140,2022-05-21,14814061
141,2022-05-22,14820221
142,2022-05-23,14826343
143,2022-05-24,14832562
144,2022-05-25,14838636
145,2022-05-26,14844801
146,2022-05-27,14850893
147,2022-05-28,14857111
148,2022-05-29,14863277
149,2022-05-30,14869434
150,2022-05-31,14875530
151,2022-06-01,14881676
152,2022-06-02,14887796
153,2022-06-03,14893954
154,2022-06-04,14900090
155,2022-06-05,14905987
156,2022-06-06,14911926
157,2022-06-07,14917720
158,2022-06-08,14923677
159,2022-06-09,14929560
160,2022-06-10,14935368
161,2022-06-11,14941265
162,2022-06-12,14947131
163,2022-06-13,14952970
164,2022-06-14,14958805
165,2022-06-15,14964552
166,2022-06-16,14970302
167,2022-06-17,14976122
168,2022-06-18,14981992
169,2022-06-19,14987808
170,2022-06-20,14993520
171,2022-06-21,14999390
172,2022-06-22,15004855
173,2022-06-23,15010210
174,2022-06-24,15015519
175,2022-06-25,15020886
176,2022-06-26,15026232
177,2022-06-27,15031542
178,2022-06-28,15036953
179,2022-06-29,15042265
180,2022-06-30,15047598
181,2022-07-01,15053226
182,2022-07-02,15059680
183,2022-07-03,15066168
184,2022-07-04,15072708
185,2022-07-05,15079143
186,2022-07-06,15085620
187,2022-07-07,15092100
188,2022-07-08,15098519
189,2022-07-09,15105072
190,2022-07-10,15111486
191,2022-07-11,15117981
192,2022-07-12,15124465
193,2022-07-13,15130976
194,2022-07-14,15137388
195,2022-07-15,15143928
196,2022-07-16,15150365
197,2022-07-17,15156812
198,2022-07-18,15163238
199,2022-07-19,15169694
200,2022-07-20,15176170
201,2022-07-21,15182613
202,2022-07-22,15189087
203,2022-07-23,15195555
204,2022-07-24,15202011
205,2022-07-25,15208412
206,2022-07-26,15214808
207,2022-07-27,15221187
208,2022-07-28,15227620
209,2022-07-29,15234058
210,2022-07-30,15240481
211,2022-07-31,15246903
212,2022-08-01,15253305
213,2022-08-02,15259746
214,2022-08-03,15266192
215,2022-08-04,15272547
216,2022-08-05,15278937
217,2022-08-06,15285447
218,2022-08-07,15291832
219,2022-08-08,15298283
220,2022-08-09,15304705
221,2022-08-10,15311050
222,2022-08-11,15317425
223,2022-08-12,15323739
224,2022-08-13,15330082
225,2022-08-14,15336462
226,2022-08-15,15342780
227,2022-08-16,15349050
228,2022-08-17,15355431
229,2022-08-18,15361718
230,2022-08-19,15368062
231,2022-08-20,15374318
232,2022-08-21,15380671
233,2022-08-22,15387034
234,2022-08-23,15393298
235,2022-08-24,15399651
236,2022-08-25,15405907
237,2022-08-26,15412117
238,2022-08-27,15418354
239,2022-08-28,15424590
240,2022-08-29,15430829
241,2022-08-30,15437156
242,2022-08-31,15443367
243,2022-09-01,15449617
244,2022-09-02,15455880
245,2022-09-03,15462172
246,2022-09-04,15468372
247,2022-09-05,15474642
248,2022-09-06,15480812
249,2022-09-07,15487071
250,2022-09-08,15493290
251,2022-09-09,15499581
252,2022-09-10,15505646
253,2022-09-11,15511690
254,2022-09-12,15517756
255,2022-09-13,15523803
256,2022-09-14,15529867
257,2022-09-15,15535776
258,2022-09-16,15542503
259,2022-09-17,15549595
260,2022-09-18,15556725
261,2022-09-19,15563855
262,2022-09-20,15570980
263,2022-09-21,15578118
264,2022-09-22,15585172
265,2022-09-23,15592324
266,2022-09-24,15599491
267,2022-09-25,15606659
268,2022-09-26,15613827
269,2022-09-27,15620975
270,2022-09-28,15628116
271,2022-09-29,15635278
272,2022-09-30,15642432
273,2022-10-01,15649594
274,2022-10-02,15656731
275,2022-10-03,15663906
276,2022-10-04,15671063
277,2022-10-05,15678195
278,2022-10-06,15685343
279,2022-10-07,15692500
280,2022-10-08,15699646
281,2022-10-09,15706815
282,2022-10-10,15713977
283,2022-10-11,15721142
284,2022-10-12,15728306
285,2022-10-13,15735470
286,2022-10-14,15742627
287,2022-10-15,15749789
288,2022-10-16,15756956
289,2022-10-17,15764113
290,2022-10-18,15771267
291,2022-10-19,15778435
292,2022-10-20,15785589
293,2022-10-21,15792754
294,2022-10-22,15799919
295,2022-10-23,15807085
296,2022-10-24,15814248
297,2022-10-25,15821368
298,2022-10-26,15828520
299,2022-10-27,15835686
300,2022-10-28,15842848
301,2022-10-29,15850000
302,2022-10-30,15857150
303,2022-10-31,15864318
304,2022-11-01,15871479
305,2022-11-02,15878616
306,2022-11-03,15885772
307,2022-11-04,15892927
308,2022-11-05,15900095
309,2022-11-06,15907252
310,2022-11-07,15914420
311,2022-11-08,15921588
312,2022-11-09,15928753
313,2022-11-10,15935899
314,2022-11-11,15943060
315,2022-11-12,15950211
316,2022-11-13,15957379
317,2022-11-14,15964551
318,2022-11-15,15971718
319,2022-11-16,15978869
320,2022-11-17,15986019
321,2022-11-18,15993178
322,2022-11-19,16000337
323,2022-11-20,16007502
324,2022-11-21,16014665
325,2022-11-22,16021828
326,2022-11-23,16028978
327,2022-11-24,16036115
328,2022-11-25,16043281
329,2022-11-26,16050437
330,2022-11-27,16057596
331,2022-11-28,16064755
332,2022-11-29,16071930
333,2022-11-30,16079082
334,2022-12-01,16086233
335,2022-12-02,16093396
336,2022-12-03,16100563
337,2022-12-04,16107726
338,2022-12-05,16114880
339,2022-12-06,16122024
340,2022-12-07,16129194
341,2022-12-08,16136269
342,2022-12-09,16143430
343,2022-12-10,16150582
344,2022-12-11,16157747
345,2022-12-12,16164907
346,2022-12-13,16172063
347,2022-12-14,16179214
348,2022-12-15,16186377
349,2022-12-16,16193533
350,2022-12-17,16200693
351,2022-12-18,16207856
352,2022-12-19,16215018
353,2022-12-20,16222182
354,2022-12-21,16229350
355,2022-12-22,16236513
356,2022-12-23,16243691
357,2022-12-24,16250871
358,2022-12-25,16258037
359,2022-12-26,16265205
360,2022-12-27,16272367
361,2022-12-28,16279523
362,2022-12-29,16286696
363,2022-12-30,16293857
364,2022-12-31,16301023
365,2023-01-01,16308189
366,2023-01-02,16315361
367,2023-01-03,16322532
368,2023-01-04,16329700
369,2023-01-05,16336870
370,2023-01-06,16344023
371,2023-01-07,16351183
372,2023-01-08,16358346
373,2023-01-09,16365511
374,2023-01-10,16372678
375,2023-01-11,16379844
376,2023-01-12,16386999
377,2023-01-13,16394155
378,2023-01-14,16401317
379,2023-01-15,16408487
380,2023-01-16,16415633
381,2023-01-17,16422793
382,2023-01-18,16429964
383,2023-01-19,16437129
384,2023-01-20,16444289
385,2023-01-21,16451457
386,2023-01-22,16458620
387,2023-01-23,16465780
388,2023-01-24,16472945
389,2023-01-25,16480111
390,2023-01-26,16487269
391,2023-01-27,16494435
392,2023-01-28,16501588
393,2023-01-29,16508757
394,2023-01-30,16515916
395,2023-01-31,16523084
396,2023-02-01,16530247
397,2023-02-02,16537406
398,2023-02-03,16544547
399,2023-02-04,16551700
400,2023-02-05,16558856
401,2023-02-06,16566022
402,2023-02-07,16573189
403,2023-02-08,16580337
404,2023-02-09,16587476
405,2023-02-10,16594631
406,2023-02-11,16601799
407,2023-02-12,16608957
408,2023-02-13,16616115
409,2023-02-14,16623274
410,2023-02-15,16630422
411,2023-02-16,16637574
412,2023-02-17,16644732
413,2023-02-18,16651829
414,2023-02-19,16658938
415,2023-02-20,16666055
416,2023-02-21,16673184
417,2023-02-22,16680299
418,2023-02-23,16687395
419,2023-02-24,16694513
420,2023-02-25,16701598
421,2023-02-26,16708710
422,2023-02-27,16715829
423,2023-02-28,16722962
424,2023-03-01,16730071
425,2023-03-02,16737189
426,2023-03-03,16744288
427,2023-03-04,16751387
428,2023-03-05,16758495
429,2023-03-06,16765615
430,2023-03-07,16772727
431,2023-03-08,16779843
432,2023-03-09,16786948
433,2023-03-10,16794061
434,2023-03-11,16801143
435,2023-03-12,16808257
436,2023-03-13,16815366
437,2023-03-14,16822491
438,2023-03-15,16829609
439,2023-03-16,16836710
440,2023-03-17,16843829
441,2023-03-18,16850945
442,2023-03-19,16858066
443,2023-03-20,16865180
444,2023-03-21,16872312
445,2023-03-22,16879427
446,2023-03-23,16886552
447,2023-03-24,16893656
448,2023-03-25,16900777
449,2023-03-26,16907899
450,2023-03-27,16915021
451,2023-03-28,16922136
452,2023-03-29,16929247
453,2023-03-30,16936360
454,2023-03-31,16943478
455,2023-04-01,16950602
456,2023-04-02,16957716
457,2023-04-03,16964815
458,2023-04-04,16971893
459,2023-04-05,16978914
460,2023-04-06,16985956
461,2023-04-07,16992951
462,2023-04-08,17000009
463,2023-04-09,17007071
464,2023-04-10,17014116
465,2023-04-11,17021180
466,2023-04-12,17028241
467,2023-04-13,17035257
468,2023-04-14,17041765
469,2023-04-15,17048771
470,2023-04-16,17055791
471,2023-04-17,17062833
472,2023-04-18,17069898
473,2023-04-19,17076966
474,2023-04-20,17084047
475,2023-04-21,17091074
476,2023-04-22,17098172
477,2023-04-23,17105309
478,2023-04-24,17112440
479,2023-04-25,17119571
480,2023-04-26,17126694
481,2023-04-27,17133819
482,2023-04-28,17140929
483,2023-04-29,17148050
484,2023-04-30,17155163
485,2023-05-01,17162286
486,2023-05-02,17169395
487,2023-05-03,17176506
488,2023-05-04,17183606
489,2023-05-05,17190729
490,2023-05-06,17197858
491,2023-05-07,17204967
492,2023-05-08,17212079
493,2023-05-09,17219194
494,2023-05-10,17226306
495,2023-05-11,17233413
496,2023-05-12,17240455
497,2023-05-13,17247372
498,2023-05-14,17254452
499,2023-05-15,17261504
500,2023-05-16,17268587
501,2023-05-17,17275671
502,2023-05-18,17282744
503,2023-05-19,17289856
504,2023-05-20,17296940
505,2023-05-21,17304050
506,2023-05-22,17311145
507,2023-05-23,17318255
508,2023-05-24,17325349
509,2023-05-25,17332461
510,2023-05-26,17339571
511,2023-05-27,17346691
512,2023-05-28,17353817
513,2023-05-29,17360947
514,2023-05-30,17368060
515,2023-05-31,17375164
516,2023-06-01,17382265
517,2023-06-02,17389364
518,2023-06-03,17396454
519,2023-06-04,17403555
520,2023-06-05,17410645
521,2023-06-06,17417719
522,2023-06-07,17424814
523,2023-06-08,17431903
524,2023-06-09,17438980
525,2023-06-10,17446080
526,2023-06-11,17453185
527,2023-06-12,17460280
528,2023-06-13,17467383
529,2023-06-14,17474496
530,2023-06-15,17481592
531,2023-06-16,17488699
532,2023-06-17,17495819
533,2023-06-18,17502961
534,2023-06-19,17510087
535,2023-06-20,17517208
536,2023-06-21,17524328
537,2023-06-22,17531463
538,2023-06-23,17538577
539,2023-06-24,17545688
540,2023-06-25,17552798
541,2023-06-26,17559907
542,2023-06-27,17567012
543,2023-06-28,17574109
544,2023-06-29,17581253
545,2023-06-30,17588385
546,2023-07-01,17595509
547,2023-07-02,17602619
548,2023-07-03,17609749
549,2023-07-04,17616861
550,2023-07-05,17623973
551,2023-07-06,17631107
552,2023-07-07,17638224
553,2023-07-08,17645346
554,2023-07-09,17652459
555,2023-07-10,17659571
556,2023-07-11,17666674
557,2023-07-12,17673788
558,2023-07-13,17680897
559,2023-07-14,17688001
560,2023-07-15,17695109
561,2023-07-16,17702169
562,2023-07-17,17709272
563,2023-07-18,17716409
564,2023-07-19,17723537
565,2023-07-20,17730666
566,2023-07-21,17737810
567,2023-07-22,17744950
568,2023-07-23,17752101
569,2023-07-24,17759249
570,2023-07-25,17766398
571,2023-07-26,17773538
572,2023-07-27,17780691
573,2023-07-28,17787837
574,2023-07-29,17794981
575,2023-07-30,17802130
576,2023-07-31,17809274
577,2023-08-01,17816433
578,2023-08-02,17823594
579,2023-08-03,17830755
580,2023-08-04,17837900
581,2023-08-05,17845052
582,2023-08-06,17852207
583,2023-08-07,17859345
584,2023-08-08,17866487
585,2023-08-09,17873630
586,2023-08-10,17880776
587,2023-08-11,17887922
588,2023-08-12,17895070
589,2023-08-13,17902216
590,2023-08-14,17909373
591,2023-08-15,17916525
592,2023-08-16,17923675
593,2023-08-17,17930827
594,2023-08-18,17937967
595,2023-08-19,17945108
596,2023-08-20,17952251
597,2023-08-21,17959393
598,2023-08-22,17966537
599,2023-08-23,17973691
600,2023-08-24,17980849
601,2023-08-25,17987994
602,2023-08-26,17995139
603,2023-08-27,18002284
604,2023-08-28,18009426
605,2023-08-29,18016573
606,2023-08-30,18023703
607,2023-08-31,18030841
608,2023-09-01,18037987
609,2023-09-02,18045129
610,2023-09-03,18052253
611,2023-09-04,18059398
612,2023-09-05,18066560
613,2023-09-06,18073701
614,2023-09-07,18080834
615,2023-09-08,18087986
616,2023-09-09,18095125
617,2023-09-10,18102262
618,2023-09-11,18109400
619,2023-09-12,18116543
620,2023-09-13,18123677
621,2023-09-14,18130808
622,2023-09-15,18137928
623,2023-09-16,18145019
624,2023-09-17,18152099
625,2023-09-18,18159142
626,2023-09-19,18166254
627,2023-09-20,18173391
628,2023-09-21,18180541
629,2023-09-22,18187681
630,2023-09-23,18194808
631,2023-09-24,18201950
632,2023-09-25,18209090
633,2023-09-26,18216238
634,2023-09-27,18223384
635,2023-09-28,18230530
636,2023-09-29,18237665
637,2023-09-30,18244804
638,2023-10-01,18251964
639,2023-10-02,18259123
640,2023-10-03,18266292
641,2023-10-04,18273436
642,2023-10-05,18280592
643,2023-10-06,18287743
644,2023-10-07,18294893
645,2023-10-08,18302048
646,2023-10-09,18309197
647,2023-10-10,18316339
648,2023-10-11,18323489
649,2023-10-12,18330624
650,2023-10-13,18337768
651,2023-10-14,18344906
652,2023-10-15,18352058
653,2023-10-16,18359212
654,2023-10-17,18366378
655,2023-10-18,18373528
656,2023-10-19,18380671
657,2023-10-20,18387818
658,2023-10-21,18394974
659,2023-10-22,18402121
660,2023-10-23,18409265
661,2023-10-24,18416406
662,2023-10-25,18423549
663,2023-10-26,18430676
664,2023-10-27,18437825
665,2023-10-28,18444982
666,2023-10-29,18452127
667,2023-10-30,18459268
668,2023-10-31,18466407
669,2023-11-01,18473542
670,2023-11-02,18480693
671,2023-11-03,18487824
672,2023-11-04,18494963
673,2023-11-05,18502098
674,2023-11-06,18509232
675,2023-11-07,18516372
676,2023-11-08,18523522
677,2023-11-09,18530675
678,2023-11-10,18537826
679,2023-11-11,18544979
680,2023-11-12,18552122
681,2023-11-13,18559266
682,2023-11-14,18566418
683,2023-11-15,18573578
684,2023-11-16,18580726
685,2023-11-17,18587881
686,2023-11-18,18595030
687,2023-11-19,18602144
688,2023-11-20,18609283
689,2023-11-21,18616430
690,2023-11-22,18623573
691,2023-11-23,18630715
692,2023-11-24,18637860
693,2023-11-25,18644994
694,2023-11-26,18652139
695,2023-11-27,18659274
696,2023-11-28,18666410
697,2023-11-29,18673555
698,2023-11-30,18680705
699,2023-12-01,18687850
700,2023-12-02,18695001
701,2023-12-03,18702158
702,2023-12-04,18709288
703,2023-12-05,18716438
704,2023-12-06,18723578
705,2023-12-07,18730701
706,2023-12-08,18737828
707,2023-12-09,18744962
708,2023-12-10,18752097
709,2023-12-11,18759246
710,2023-12-12,18766392
711,2023-12-13,18773538
712,2023-12-14,18780675
713,2023-12-15,18787803
714,2023-12-16,18794937
715,2023-12-17,18802045
716,2023-12-18,18809167
717,2023-12-19,18816303
718,2023-12-20,18823417
719,2023-12-21,18830533
720,2023-12-22,18837677
721,2023-12-23,18844808
722,2023-12-24,18851935
723,2023-12-25,18859050
724,2023-12-26,18866156
725,2023-12-27,18873298
726,2023-12-28,18880406
727,2023-12-29,18887534
728,2023-12-30,18894649
729,2023-12-31,18901757
730,2024-01-01,18908894
731,2024-01-02,18916001
732,2024-01-03,18923123
733,2024-01-04,18930252
734,2024-01-05,18937380
735,2024-01-06,18944480
736,2024-01-07,18951538
737,2024-01-08,18958621
738,2024-01-09,18965710
739,2024-01-10,18972837
740,2024-01-11,18979977
741,2024-01-12,18987103
742,2024-01-13,18994253
743,2024-01-14,19001406
744,2024-01-15,19008564
745,2024-01-16,19015723
746,2024-01-17,19022889
747,2024-01-18,19030032
748,2024-01-19,19037185
749,2024-01-20,19044348
750,2024-01-21,19051514
751,2024-01-22,19058586
752,2024-01-23,19065670
753,2024-01-24,19072787
754,2024-01-25,19079928
755,2024-01-26,19087066
756,2024-01-27,19094207
757,2024-01-28,19101333
758,2024-01-29,19108471
759,2024-01-30,19115608
760,2024-01-31,19122759
761,2024-02-01,19129888
762,2024-02-02,19137015
763,2024-02-03,19144138
764,2024-02-04,19151255
765,2024-02-05,19158366
766,2024-02-06,19165489
767,2024-02-07,19172614
768,2024-02-08,19179746
769,2024-02-09,19186866
770,2024-02-10,19194000
771,2024-02-11,19201122
772,2024-02-12,19208242
773,2024-02-13,19215377
774,2024-02-14,19222505
775,2024-02-15,19229624
776,2024-02-16,19236754
777,2024-02-17,19243884
778,2024-02-18,19250997
779,2024-02-19,19258093
780,2024-02-20,19265202
781,2024-02-21,19272340
782,2024-02-22,19279457
783,2024-02-23,19286582
784,2024-02-24,19293722
785,2024-02-25,19300883
786,2024-02-26,19308029
787,2024-02-27,19315169
788,2024-02-28,19322319
789,2024-02-29,19329464
790,2024-03-01,19336606
791,2024-03-02,19343771
792,2024-03-03,19350919
793,2024-03-04,19358079
794,2024-03-05,19365246
795,2024-03-06,19372410
796,2024-03-07,19379573
797,2024-03-08,19386733
798,2024-03-09,19393821
799,2024-03-10,19400981
800,2024-03-11,19408133
801,2024-03-12,19415285
802,2024-03-13,19422438
803,2024-03-14,19429555
804,2024-03-15,19436644
805,2024-03-16,19443767
806,2024-03-17,19450869
807,2024-03-18,19457982
808,2024-03-19,19465095
809,2024-03-20,19472214
810,2024-03-21,19479340
811,2024-03-22,19486456
812,2024-03-23,19493590
813,2024-03-24,19500710
814,2024-03-25,19507815
815,2024-03-26,19514905
816,2024-03-27,19522002
817,2024-03-28,19528923
818,2024-03-29,19535951
819,2024-03-30,19543073
820,2024-03-31,19550182
821,2024-04-01,19557288
822,2024-04-02,19564408
823,2024-04-03,19571531
824,2024-04-04,19578682
825,2024-04-05,19585828
826,2024-04-06,19592970
827,2024-04-07,19600113
828,2024-04-08,19607241
829,2024-04-09,19614375
830,2024-04-10,19621517
831,2024-04-11,19628668
832,2024-04-12,19635809
833,2024-04-13,19642952
834,2024-04-14,19650066
835,2024-04-15,19657200
836,2024-04-16,19664338
837,2024-04-17,19671470
838,2024-04-18,19678625
839,2024-04-19,19685777
840,2024-04-20,19692913
841,2024-04-21,19700062
842,2024-04-22,19707222
843,2024-04-23,19714372
844,2024-04-24,19721527
845,2024-04-25,19728664
846,2024-04-26,19735821
847,2024-04-27,19742955
848,2024-04-28,19750102
849,2024-04-29,19757250
850,2024-04-30,19764400
851,2024-05-01,19771559
852,2024-05-02,19778725
853,2024-05-03,19785869
854,2024-05-04,19793022
855,2024-05-05,19800179
856,2024-05-06,19807330
857,2024-05-07,19814477
858,2024-05-08,19821623
859,2024-05-09,19828770
860,2024-05-10,19835922
861,2024-05-11,19843075
862,2024-05-12,19850229
863,2024-05-13,19857378
864,2024-05-14,19864533
865,2024-05-15,19871652
866,2024-05-16,19878820
867,2024-05-17,19885976
868,2024-05-18,19893121
869,2024-05-19,19900267
870,2024-05-20,19907419
871,2024-05-21,19914564
872,2024-05-22,19921719
873,2024-05-23,19928861
874,2024-05-24,19936018
875,2024-05-25,19943176
876,2024-05-26,19950329
877,2024-05-27,19957489
878,2024-05-28,19964643
879,2024-05-29,19971800
880,2024-05-30,19978946
881,2024-05-31,19986092
882,2024-06-01,19993249
883,2024-06-02,20000415
884,2024-06-03,20007576
885,2024-06-04,20014732
886,2024-06-05,20021901
887,2024-06-06,20029069
888,2024-06-07,20036226
889,2024-06-08,20043388
890,2024-06-09,20050552
891,2024-06-10,20057708
892,2024-06-11,20064866
893,2024-06-12,20072028
894,2024-06-13,20079184
895,2024-06-14,20086327
896,2024-06-15,20093489
897,2024-06-16,20100626
898,2024-06-17,20107789
899,2024-06-18,20114939
900,2024-06-19,20122076
901,2024-06-20,20129224
902,2024-06-21,20136372
903,2024-06-22,20143530
904,2024-06-23,20150676
905,2024-06-24,20157825
906,2024-06-25,20164976
907,2024-06-26,20172138
908,2024-06-27,20179299
909,2024-06-28,20186462
910,2024-06-29,20193625
911,2024-06-30,20200782
912,2024-07-01,20207948
913,2024-07-02,20215112
914,2024-07-03,20222263
915,2024-07-04,20229426
916,2024-07-05,20236581
917,2024-07-06,20243747
918,2024-07-07,20250913
919,2024-07-08,20258073
920,2024-07-09,20265217
921,2024-07-10,20272373
922,2024-07-11,20279539
923,2024-07-12,20286706
924,2024-07-13,20293868
925,2024-07-14,20301020
926,2024-07-15,20308186
927,2024-07-16,20315347
928,2024-07-17,20322520
929,2024-07-18,20329689
930,2024-07-19,20336850
931,2024-07-20,20344022
932,2024-07-21,20351185
933,2024-07-22,20358351
934,2024-07-23,20365510
935,2024-07-24,20372675
936,2024-07-25,20379838
937,2024-07-26,20387000
938,2024-07-27,20394160
939,2024-07-28,20401321
940,2024-07-29,20408497
941,2024-07-30,20415669
942,2024-07-31,20422808
943,2024-08-01,20429972
944,2024-08-02,20437137
945,2024-08-03,20444294
946,2024-08-04,20451459
947,2024-08-05,20458637
948,2024-08-06,20465806
949,2024-08-07,20472970
950,2024-08-08,20480141
951,2024-08-09,20487316
952,2024-08-10,20494484
953,2024-08-11,20501654
954,2024-08-12,20508813
955,2024-08-13,20515980
956,2024-08-14,20523147
957,2024-08-15,20530309
958,2024-08-16,20537462
959,2024-08-17,20544627
960,2024-08-18,20551783
961,2024-08-19,20558957
962,2024-08-20,20566114
963,2024-08-21,20573271
964,2024-08-22,20580429
965,2024-08-23,20587588
966,2024-08-24,20594741
967,2024-08-25,20601891
968,2024-08-26,20609046
969,2024-08-27,20616202
970,2024-08-28,20623367
971,2024-08-29,20630526
972,2024-08-30,20637675
973,2024-08-31,20644832
974,2024-09-01,20651993
975,2024-09-02,20659157
976,2024-09-03,20666327
977,2024-09-04,20673497
978,2024-09-05,20680662
979,2024-09-06,20687830
980,2024-09-07,20694991
981,2024-09-08,20702170
982,2024-09-09,20709329
983,2024-09-10,20716497
984,2024-09-11,20723649
985,2024-09-12,20730811
986,2024-09-13,20737965
987,2024-09-14,20745133
988,2024-09-15,20752287
989,2024-09-16,20759464
990,2024-09-17,20766617
991,2024-09-18,20773761
992,2024-09-19,20780916
993,2024-09-20,20788084
994,2024-09-21,20795238
995,2024-09-22,20802389
996,2024-09-23,20809562
997,2024-09-24,20816725
998,2024-09-25,20823901
999,2024-09-26,20831060
1000,2024-09-27,20838231
1001,2024-09-28,20845405
1002,2024-09-29,20852572
1003,2024-09-30,20859740
1004,2024-10-01,20866918
1005,2024-10-02,20874085
1006,2024-10-03,20881261
1007,2024-10-04,20888424
1008,2024-10-05,20895606
1009,2024-10-06,20902784
1010,2024-10-07,20909955
1011,2024-10-08,20917130
1012,2024-10-09,20924302
1013,2024-10-10,20931482
1014,2024-10-11,20938657
1015,2024-10-12,20945811
1016,2024-10-13,20952957
1017,2024-10-14,20960089
1018,2024-10-15,20967244
1019,2024-10-16,20974401
1020,2024-10-17,20981560
1021,2024-10-18,20988724
1022,2024-10-19,20995892
1023,2024-10-20,21003063
1024,2024-10-21,21010230
1025,2024-10-22,21017401
1026,2024-10-23,21024558
1027,2024-10-24,21031733
1028,2024-10-25,21038905
1029,2024-10-26,21046076
1030,2024-10-27,21053236
1031,2024-10-28,21060412
1032,2024-10-29,21067570
1033,2024-10-30,21074738
1034,2024-10-31,21081894
1035,2024-11-01,21089068
1036,2024-11-02,21096238
1037,2024-11-03,21103392
1038,2024-11-04,21110559
1039,2024-11-05,21117728
1040,2024-11-06,21124888
1041,2024-11-07,21132050
1042,2024-11-08,21139209
1043,2024-11-09,21146367
1044,2024-11-10,21153541
1045,2024-11-11,21160714
1046,2024-11-12,21167883
1047,2024-11-13,21175045
1048,2024-11-14,21182212
1049,2024-11-15,21189371
1050,2024-11-16,21196531
1051,2024-11-17,21203703
1052,2024-11-18,21210874
1053,2024-11-19,21218049
1054,2024-11-20,21225225
1055,2024-11-21,21232385
1056,2024-11-22,21239548
1057,2024-11-23,21246710
1058,2024-11-24,21253879
1059,2024-11-25,21261045
1060,2024-11-26,21268202
1061,2024-11-27,21275369
1062,2024-11-28,21282522
1063,2024-11-29,21289632
1064,2024-11-30,21296777
1065,2024-12-01,21303933
1066,2024-12-02,21311105
1067,2024-12-03,21318259
1068,2024-12-04,21325415
1069,2024-12-05,21332578
1070,2024-12-06,21339732
1071,2024-12-07,21346894
1072,2024-12-08,21354047
1073,2024-12-09,21361217
1074,2024-12-10,21368389
1075,2024-12-11,21375545
1076,2024-12-12,21382702
1077,2024-12-13,21389868
1078,2024-12-14,21397030
1079,2024-12-15,21404196
1080,2024-12-16,21411356
1081,2024-12-17,21418529
1082,2024-12-18,21425699
1083,2024-12-19,21432852
1084,2024-12-20,21440009
1085,2024-12-21,21447175
1086,2024-12-22,21454314
1087,2024-12-23,21461471
1088,2024-12-24,21468617
1089,2024-12-25,21475764
1090,2024-12-26,21482924
1091,2024-12-27,21490077
1092,2024-12-28,21497235
1093,2024-12-29,21504401
1094,2024-12-30,21511571
1095,2024-12-31,21518734
1096,2025-01-01,21525890
1097,2025-01-02,21533058
1098,2025-01-03,21540232
1099,2025-01-04,21547396
1100,2025-01-05,21554556
1101,2025-01-06,21561709
1102,2025-01-07,21568863
1103,2025-01-08,21576035
1104,2025-01-09,21583203
1105,2025-01-10,21590362
1106,2025-01-11,21597520
1107,2025-01-12,21604680
1108,2025-01-13,21611852
1109,2025-01-14,21619004
1110,2025-01-15,21626161
1111,2025-01-16,21633325
1112,2025-01-17,21640491
1113,2025-01-18,21647653
1114,2025-01-19,21654814
1115,2025-01-20,21661974
1116,2025-01-21,21669146
1117,2025-01-22,21676305
1118,2025-01-23,21683471
1119,2025-01-24,21690636
1120,2025-01-25,21697804
1121,2025-01-26,21704966
1122,2025-01-27,21712129
1123,2025-01-28,21719303
1124,2025-01-29,21726465
1125,2025-01-30,21733626
1126,2025-01-31,21740792
1127,2025-02-01,21747949
1128,2025-02-02,21755110
1129,2025-02-03,21762264
1130,2025-02-04,21769421
1131,2025-02-05,21776574
1132,2025-02-06,21783739
1133,2025-02-07,21790905
1134,2025-02-08,21798074
1135,2025-02-09,21805232
1136,2025-02-10,21812397
1137,2025-02-11,21819559
1138,2025-02-12,21826720
1139,2025-02-13,21833845
1140,2025-02-14,21840991
1141,2025-02-15,21848119
1142,2025-02-16,21855250
1143,2025-02-17,21862393
1144,2025-02-18,21869537
1145,2025-02-19,21876698
1146,2025-02-20,21883855
1147,2025-02-21,21890993
1148,2025-02-22,21898155
1149,2025-02-23,21905310
1150,2025-02-24,21912465
1151,2025-02-25,21919621
1152,2025-02-26,21926782
1153,2025-02-27,21933948
1154,2025-02-28,21941120
1155,2025-03-01,21948291
1156,2025-03-02,21955462
1157,2025-03-03,21962635
1158,2025-03-04,21969800
1159,2025-03-05,21976966
1160,2025-03-06,21984128
1161,2025-03-07,21991286
1162,2025-03-08,21998438
1163,2025-03-09,22005590
1164,2025-03-10,22012750
1165,2025-03-11,22019907
1166,2025-03-12,22027064
1167,2025-03-13,22034224
1168,2025-03-14,22041393
1169,2025-03-15,22048553
1170,2025-03-16,22055722
1171,2025-03-17,22062883
1172,2025-03-18,22070044
1173,2025-03-19,22077198
1174,2025-03-20,22084356
1175,2025-03-21,22091518
1176,2025-03-22,22098694
1177,2025-03-23,22105862
1178,2025-03-24,22113034
1179,2025-03-25,22120200
1180,2025-03-26,22127350
1181,2025-03-27,22134526
1182,2025-03-28,22141688
1183,2025-03-29,22148848
1184,2025-03-30,22156001
1185,2025-03-31,22163172
1186,2025-04-01,22170334
1187,2025-04-02,22177499
1188,2025-04-03,22184669
1189,2025-04-04,22191826
1190,2025-04-05,22198999
1191,2025-04-06,22206150
1192,2025-04-07,22213305
1193,2025-04-08,22220455
1194,2025-04-09,22227624
1195,2025-04-10,22234793
1196,2025-04-11,22241970
1197,2025-04-12,22249146
1198,2025-04-13,22256323
1199,2025-04-14,22263499
1200,2025-04-15,22270667
1201,2025-04-16,22277825
1202,2025-04-17,22284996
1203,2025-04-18,22292157
1204,2025-04-19,22299326
1205,2025-04-20,22306493
1206,2025-04-21,22313650
1207,2025-04-22,22320818
1208,2025-04-23,22327989
1209,2025-04-24,22335153
1210,2025-04-25,22342307
1211,2025-04-26,22349480
1212,2025-04-27,22356658
1213,2025-04-28,22363838
1214,2025-04-29,22370998
1215,2025-04-30,22378150
1216,2025-05-01,22385293
1217,2025-05-02,22392426
1218,2025-05-03,22399543
1219,2025-05-04,22406692
1220,2025-05-05,22413825
1221,2025-05-06,22420967
1222,2025-05-07,22428091
1223,2025-05-08,22435129
1224,2025-05-09,22442219
1225,2025-05-10,22449297
1226,2025-05-11,22456400
1227,2025-05-12,22463509
1228,2025-05-13,22470610
1229,2025-05-14,22477719
1230,2025-05-15,22484823
1231,2025-05-16,22491938
1232,2025-05-17,22499048
1233,2025-05-18,22506180
1234,2025-05-19,22513304
1235,2025-05-20,22520426
1236,2025-05-21,22527557
1237,2025-05-22,22534697
1238,2025-05-23,22541848
1239,2025-05-24,22548995
1240,2025-05-25,22556132
1241,2025-05-26,22563268
1242,2025-05-27,22570404
1243,2025-05-28,22577561
1244,2025-05-29,22584692
1245,2025-05-30,22591834
1246,2025-05-31,22598988
1247,2025-06-01,22606142
1248,2025-06-02,22613285
1249,2025-06-03,22620414
1250,2025-06-04,22627564
1251,2025-06-05,22634703
1252,2025-06-06,22641841
1253,2025-06-07,22648987
1254,2025-06-08,22656150
1255,2025-06-09,22663305
1256,2025-06-10,22670450
1257,2025-06-11,22677606
1258,2025-06-12,22684757
1259,2025-06-13,22691920
1260,2025-06-14,22699074
1261,2025-06-15,22706233
1262,2025-06-16,22713369
1263,2025-06-17,22720514
1264,2025-06-18,22727653
1265,2025-06-19,22734806
1266,2025-06-20,22741966
1267,2025-06-21,22749115
1268,2025-06-22,22756269
1269,2025-06-23,22763413
1270,2025-06-24,22770563
1271,2025-06-25,22777731
1272,2025-06-26,22784894
1273,2025-06-27,22792055
1274,2025-06-28,22799210
1275,2025-06-29,22806371
1276,2025-06-30,22813511
1277,2025-07-01,22820673
1278,2025-07-02,22827823
1279,2025-07-03,22834979
1280,2025-07-04,22842131
1281,2025-07-05,22849297
1282,2025-07-06,22856444
1283,2025-07-07,22863596
1284,2025-07-08,22870753
1285,2025-07-09,22877912
1286,2025-07-10,22885056
1287,2025-07-11,22892221
1288,2025-07-12,22899370
1289,2025-07-13,22906533
1290,2025-07-14,22913694
1291,2025-07-15,22920858
1292,2025-07-16,22928027
1293,2025-07-17,22935192
1294,2025-07-18,22942366
1295,2025-07-19,22949536
1296,2025-07-20,22956684
1297,2025-07-21,22963843
1298,2025-07-22,22971002
1299,2025-07-23,22978149
1300,2025-07-24,22985302
1301,2025-07-25,22992450
1302,2025-07-26,22999594
1303,2025-07-27,23006757
1304,2025-07-28,23013926
1305,2025-07-29,23021075
1306,2025-07-30,23028226
1307,2025-07-31,23035372
1308,2025-08-01,23042513
1309,2025-08-02,23049661
1310,2025-08-03,23056812
1311,2025-08-04,23063980
1312,2025-08-05,23071145
1313,2025-08-06,23078306
1314,2025-08-07,23085465
1315,2025-08-08,23092619
1316,2025-08-09,23099777
1317,2025-08-10,23106939
1318,2025-08-11,23114096
1319,2025-08-12,23121240
1320,2025-08-13,23128405
1321,2025-08-14,23135570
1322,2025-08-15,23142716
1323,2025-08-16,23149883
1324,2025-08-17,23157046
1325,2025-08-18,23164221
1326,2025-08-19,23171390
1327,2025-08-20,23178566
1328,2025-08-21,23185735
1329,2025-08-22,23192892
1330,2025-08-23,23200063
1331,2025-08-24,23207221
1332,2025-08-25,23214395
1333,2025-08-26,23221563
1334,2025-08-27,23228730
1335,2025-08-28,23235895
1336,2025-08-29,23243055
1337,2025-08-30,23250225
1338,2025-08-31,23257401
1339,2025-09-01,23264565
1340,2025-09-02,23271730
1341,2025-09-03,23278858
1342,2025-09-04,23286025
1343,2025-09-05,23293184
1344,2025-09-06,23300346
1345,2025-09-07,23307492
1346,2025-09-08,23314653
1347,2025-09-09,23321812
1348,2025-09-10,23328981
1349,2025-09-11,23336103
1350,2025-09-12,23343259
1351,2025-09-13,23350424
1352,2025-09-14,23357591
1353,2025-09-15,23364762
1354,2025-09-16,23371915
1355,2025-09-17,23379075
1356,2025-09-18,23386240
1357,2025-09-19,23393399
1358,2025-09-20,23400558
1359,2025-09-21,23407710
1360,2025-09-22,23414856
1361,2025-09-23,23422005
1362,2025-09-24,23429173
1363,2025-09-25,23436334
1364,2025-09-26,23443482
1365,2025-09-27,23450625
1366,2025-09-28,23457779
1367,2025-09-29,23464929
1368,2025-09-30,23472088
1369,2025-10-01,23479243
1370,2025-10-02,23486383
1371,2025-10-03,23493531
1372,2025-10-04,23500695
1373,2025-10-05,23507848
1374,2025-10-06,23515011
1375,2025-10-07,23522162
1376,2025-10-08,23529320
1377,2025-10-09,23536460
1378,2025-10-10,23543615
1379,2025-10-11,23550763
1380,2025-10-12,23557920
1381,2025-10-13,23565080
1382,2025-10-14,23572225
1383,2025-10-15,23579375
1384,2025-10-16,23586523
1385,2025-10-17,23593662
1386,2025-10-18,23600817
1387,2025-10-19,23607963
1388,2025-10-20,23615116
1389,2025-10-21,23622239
1390,2025-10-22,23629361
1391,2025-10-23,23636490
1392,2025-10-24,23643619
1393,2025-10-25,23650757
1394,2025-10-26,23657910
1395,2025-10-27,23665071
1396,2025-10-28,23672211
1397,2025-10-29,23679339
1398,2025-10-30,23686487
1399,2025-10-31,23693628
1400,2025-11-01,23700766
1401,2025-11-02,23707919
1402,2025-11-03,23715078
1403,2025-11-04,23722235
1404,2025-11-05,23729387
1405,2025-11-06,23736527
1406,2025-11-07,23743678
1407,2025-11-08,23750827
1408,2025-11-09,23757981
1409,2025-11-10,23765143
1410,2025-11-11,23772288
1411,2025-11-12,23779425
1412,2025-11-13,23786576
1413,2025-11-14,23793714
1414,2025-11-15,23800870
1415,2025-11-16,23808023
1416,2025-11-17,23815179
1417,2025-11-18,23822302
1418,2025-11-19,23829427
1419,2025-11-20,23836544
1420,2025-11-21,23843673
1421,2025-11-22,23850795
1422,2025-11-23,23857896
1423,2025-11-24,23865016
1424,2025-11-25,23872121
1425,2025-11-26,23879219
1426,2025-11-27,23886341
1427,2025-11-28,23893472
1428,2025-11-29,23900602
